,GeneID,NES
1,RELA,0.335494432679779
2,THAP11,-0.393870071515357
3,E2F4,0.45159734864919
4,FOXP1,1.08589754412905
5,ZBTB7A,1.23086821026406
6,PRDM14,-1.23301058181569
7,STAT1,1.28158200539502
8,THAP1,-1.40465538573853
9,IRF3,-2.02182153547579
10,ZNF263,2.4085674114807
