,GeneID,NES
1,MYC,-0.00115248033013665
2,AR,0.060659623595929
3,NFKB1,-0.0903146755166409
4,NR2C2,-0.238845644488628
5,E2F1,-0.331281303299141
6,RELA,0.335494432679779
7,THAP11,-0.393870071515357
8,E2F4,0.45159734864919
9,FOXP1,1.08589754412905
10,ZBTB7A,1.23086821026406
11,PRDM14,-1.23301058181569
12,STAT1,1.28158200539502
13,THAP1,-1.40465538573853
14,IRF3,-2.02182153547579
15,ZNF263,2.4085674114807
