GeneID,NES
RELA,0.335494432679779
THAP11,-0.393870071515357
E2F4,0.45159734864919
FOXP1,1.08589754412905
ZBTB7A,1.23086821026406
PRDM14,-1.23301058181569
STAT1,1.28158200539502
THAP1,-1.40465538573853
IRF3,-2.02182153547579
ZNF263,2.4085674114807
